<?xml version="1.0"?>
<block>
  <name>Energy_Detector_ff</name>
  <key>EnergyDetector_Energy_Detector_ff</key>
  <category>[EnergyDetector]</category>
  <import>import EnergyDetector</import>
  <make>EnergyDetector.Energy_Detector_ff($samples, $Pfa)</make>
  <!-- Make one 'param' node for every Parameter you want settable from the GUI.
       Sub-nodes:
       * name
       * key (makes the value accessible as $keyname, e.g. in the make node)
       * type -->
  <param>
    <name>Samples</name>
    <key>samples</key>
    <type>float</type>
  </param>

  <param>
    <name>PFA</name>
    <key>Pfa</key>
    <type>float</type>
  </param>

  <!-- Make one 'sink' node per input. Sub-nodes:
       * name (an identifier for the GUI)
       * type
       * vlen
       * optional (set to 1 for optional inputs) -->
  <sink>
    <name>in</name>
    <type>float</type>
  </sink>

  <sink>
    <name>noise_in</name>
    <type>float</type>
  </sink>
  <!-- Make one 'source' node per output. Sub-nodes:
       * name (an identifier for the GUI)
       * type
       * vlen
       * optional (set to 1 for optional inputs) -->
  <source>
    <name>out</name>
    <type>float</type>
  </source>

  <source>
    <name>ED_out</name>
    <type>message</type>
    <optional>1</optional>
  </source>
</block>
